cluster,timepoint,min,Q1,median,Q3,max,mean
H-intensity,Baseline,58,79.0,86.0,92.0,121,86.23076923076923
H-intensity,3 months,70,75.0,80.0,85.5,100,80.46153846153847
H-intensity,6 months,65,70.0,75.0,80.0,91,76.8974358974359
L-intensity,Baseline,60,85.0,93.0,98.75,149,91.27586206896552
L-intensity,3 months,70,83.0,88.0,91.0,107,87.44827586206897
L-intensity,6 months,65,82.0,88.5,91.5,113,86.94827586206897
