cluster,timepoint,min,Q1,median,Q3,max,mean
0,Baseline,5.2,6.15,7.0,7.95,11.1,7.360256410256411
0,3 months,5.1,5.7,6.2,6.75,9.8,6.505128205128206
0,6 months,4.9,5.55,5.99,6.45,10.5,6.192051282051281
1,Baseline,4.4,6.4225,7.1,8.037500000000001,13.9,7.501896551724138
1,3 months,4.0,6.225,6.9,7.3,10.48,6.962413793103448
1,6 months,4.0,6.05,7.0,7.8,14.6,7.262068965517242
