cluster,timepoint,min,Q1,median,Q3,max,mean
H-intensity,Baseline,0.64,2.45,3.4,4.6,8.4,3.5271794871794864
H-intensity,3 months,1.0,1.94,2.5,3.5,5.68,2.714871794871795
H-intensity,6 months,1.03,1.645,2.4,3.1550000000000002,5.8,2.5535897435897437
L-intensity,Baseline,0.75,2.425,3.3,4.0,8.6,3.4656896551724135
L-intensity,3 months,0.8,2.2699999999999996,3.25,3.875,8.0,3.1593103448275865
L-intensity,6 months,0.5,2.3,3.1,3.95,7.5,3.127586206896552
