cluster,timepoint,min,Q1,median,Q3,max,mean
0,Baseline,95.0,134.0,143.0,162.5,208.0,146.5897435897436
0,3 months,100.0,120.0,135.0,147.25,167.0,133.47368421052633
0,6 months,100.0,118.5,130.0,139.25,156.0,128.26315789473685
1,Baseline,105.0,140.0,148.0,158.75,238.0,150.36206896551724
1,3 months,112.0,134.25,143.0,156.0,177.0,144.05172413793105
1,6 months,98.0,132.75,145.0,156.0,173.0,142.91379310344828
