cluster,timepoint,min,Q1,median,Q3,max,mean
0,Baseline,1.79,34.0,60.0,75.5,114.0,56.73307692307693
0,3 months,0.0,40.8,67.0,92.5,117.0,62.97897435897437
0,6 months,0.0,47.5,68.0,93.0,116.0,65.95897435897434
1,Baseline,3.0,23.35,40.4,70.525,150.0,49.09948275862069
1,3 months,3.0,21.025,35.7,55.75,140.0,43.92155172413793
1,6 months,3.8,15.0,26.0,57.5,112.0,39.17551724137931
