cluster,timepoint,min,Q1,median,Q3,max,mean
H-intensity,Baseline,0.0,785.0,2900.0,5470.0,13100.0,3545.128205128205
H-intensity,3 months,0.0,200.0,1000.0,3150.0,10000.0,2002.820512820513
H-intensity,6 months,0.0,20.0,800.0,2300.0,8000.0,1506.923076923077
L-intensity,Baseline,0.0,1800.0,4200.0,7225.0,15000.0,4695.517241379311
L-intensity,3 months,0.0,1000.0,2500.0,5950.0,13600.0,3838.2758620689656
L-intensity,6 months,0.0,1000.0,3100.0,5650.0,12800.0,3793.6206896551726
