cluster,timepoint,min,Q1,median,Q3,max,mean
0,Baseline,0.0,1.1,3.68,7.3100000000000005,14.4,4.563333333333334
0,3 months,0.0,0.45,1.7,4.095000000000001,14.9,2.70948717948718
0,6 months,0.0,0.135,1.1,3.15,10.2,2.076153846153846
1,Baseline,0.0,2.125,5.2,8.475,18.7,6.232241379310344
1,3 months,0.0,1.25,3.7,7.305,17.0,4.862068965517241
1,6 months,0.0,1.3875000000000002,4.55,6.9,14.0,4.831551724137931
