Outcome,Group,P_value,OR
MACE,L-intensity,0.020242914979757085,inf
MACE,H-intensity,0.1177495841456023,2.9
Readmission,L-intensity,0.07422402159244264,inf
Readmission,H-intensity,0.015845259210283947,4.907692307692308
Initial_dialysis,L-intensity,0.14979757085020245,17.5
Initial_dialysis,H-intensity,1.0,0.6818181818181818
