Intervention,H-intensity,L-intensity
Accepted actions,2.128205128205128,0.896551724137931
DDI/ADR actions,1.1025641025641026,0.9655172413793104
GDMT counts,2.2564102564102564,1.3448275862068966
Medication education quantity,8.333333333333334,5.310344827586207
Regimen optimization suggestions,2.282051282051282,1.1206896551724137
