cluster,timepoint,min,Q1,median,Q3,max,mean
0,Baseline,0.0,0.7849999999999999,2.9,5.470000000000001,13.1,3.5451282051282056
0,3 months,0.0,0.2,1.0,3.1500000000000004,10.0,2.002820512820513
0,6 months,0.0,0.02,0.8,2.3,8.0,1.5069230769230768
1,Baseline,0.0,1.8,4.199999999999999,7.225,15.0,4.69551724137931
1,3 months,0.0,1.0,2.5,5.95,13.6,3.8382758620689654
1,6 months,0.0,1.0,3.1,5.65,12.8,3.7936206896551723
